,,Jadwal Gasal Teknik Informatika 2025/2026,,,,,,,,,
,,,,,,,,,,,
,,407,406,306,304,203,Lab TIA,LAB CC,Lab Mul-Net,Lab Lantai 4,Lab Sos/Sister
SENIN,07:00 - 07:50,Basis Data I C (IF 3) - SENIN / 07:00 - 09:30 / 407 / Meidya,Proyek Sains Data A (IF 5) - SENIN / 07:00 - 09:30 / 406 / Mul,Matematika A (IF 1) - SENIN / 07:00 - 09:30 / 306 / Bain,Basis Data I D (IF 3) - SENIN / 07:00 - 09:30 / 304 / Sari,Proyek Perangkat Lunak A (IF 5) - SENIN / 07:00 - 09:30 / 203 / Fifin,Algoritma & Dasar Pemrograman A (IF 1) - SENIN / 07:00 - 09:30 / Lab TIA / Sigit,Pengantar Teknologi Informasi D (IF 1) - SENIN / 07:00 - 08:40 / LAB CC / Iwan,Pengembangan Aplikasi Web C (IF 3) - SENIN / 07:00 - 09:30 / Lab Mul-Net / Devie,,
,07.50 - 08.40,,,,,,,,,,
,08.40 - 09.30,,,,,,,Pengantar Teknologi Informasi E (IF 1) - SENIN / 08:40 - 10:20 / LAB CC / Iwan,,Bahasa Indo A (IF 1) - SENIN / 08:40 - 10:20 / Lab Lantai 4 / Naelur,
,09.30 - 10.20,Pemrograman Berorientasi Obyek A (IF 7) - SENIN / 09:30 - 12:00 / 407 / Hermawan,Proyek Sains Data B (IF 5) - SENIN / 09:30 - 12:00 / 406 / Mul,Matematika B (IF 1) - SENIN / 09:30 - 12:00 / 306 / Bain,Basis Data I E (IF 3) - SENIN / 09:30 - 12:00 / 304 / Sari,Jaringan Komputer 1 A (IF 3) - SENIN / 09:30 - 12:00 / 203 / Suzan,Algoritma & Dasar Pemrograman B (IF 1) - SENIN / 09:30 - 12:00 / Lab TIA / Sigit,,Algoritma & Dasar Pemrograman C (IF 1) - SENIN / 09:30 - 12:00 / Lab Mul-Net / Husni,,Keamanan SIber A (IF 7) - SENIN / 09:30 - 12:00 / Lab Sos/Sister / Dwi
,10.20 - 11.10,,,,,,,Technopreneurship A (IF 7) - SENIN / 10:20 - 12:00 / LAB CC / Jauhari,,Bahasa Indo B (IF 1) - SENIN / 10:20 - 12:00 / Lab Lantai 4 / Naelur,
,11.10 - 12.00,,,,,,,,,,
,12.00 - 13.00,I S T I R A H A T,,,,,,,,,
,13.00 - 13.50,Pemrograman Berorientasi Obyek B (IF 7) - SENIN / 13:00 - 15:30 / 407 / Hermawan,Matematika C (IF 1) - SENIN / 13:00 - 15:30 / 406 / Bas,Sistem Terdistribusi A (IF 5) - SENIN / 13:00 - 15:30 / 306 / Yoga,Proyek Perangkat Lunak B (IF 5) - SENIN / 13:00 - 15:30 / 304 / Fifin,Jaringan Komputer 1 B (IF 3) - SENIN / 13:00 - 15:30 / 203 / Suzan,Pengembangan Aplikasi Web A (IF 3) - SENIN / 13:00 - 15:30 / Lab TIA / Ocal,Jaringan Komputer 1 C (IF 3) - SENIN / 13:00 - 15:30 / LAB CC / Dwi,Sistem Terdistribusi C (IF 5) - SENIN / 13:00 - 15:30 / Lab Mul-Net / Husni,,
,13.50 - 14.40,,,,,,,,,,
,14.40 - 15.30,,,,,,,,,,
,15.30 - 16.20,,,,,Rekayasa Multimedia C - SENIN / 15:30 - 18:00 / 203 / Faris,,,,,
,16.20 - 17.10,,,,,,,,,,
,17.10 - 18.00,,,,,,,,,,
,,,,,,,,,,,
,,407,406,306,304,203,Lab TIA,LAB CC,Lab Mul-Net,Lab Lantai 4,Lab Sos/Sister
SELASA,07:00 - 07:50,Basis Data I A (IF 3) - SELASA / 07:00 - 09:30 / 407 / Yoga,Jaringan Komputer 1 E (IF 3) - SELASA / 07:00 - 09:30 / 406 / Iwan,Pengolahan Citra A (IF 7) - SELASA / 07:00 - 09:30 / 306 / Cucun,Komputasi Numerik A (IF 7) - SELASA / 07:00 - 09:30 / 304 / Bain,,,Pengantar Teknologi Informasi F (IF 1) - SELASA / 07:00 - 08:40 / LAB CC / Jauhari,Pembelajaran Mesin A (IF 5) - SELASA / 07:00 - 09:30 / Lab Mul-Net / Indah,Pancasila D (IF 1) - SELASA / 07:00 - 08:40 / Lab Lantai 4 / Taufiq,
,07.50 - 08.40,,,,,Etika Profesional B (IF 7) - SELASA / 07:50 - 09:30 / 203 / Fika,,,,,
,08.40 - 09.30,,,,,,Pengantar Teknologi Informasi A (IF 1) - SELASA / 08:40 - 10:20 / Lab TIA / Ifa,Pengantar Teknologi Informasi G (IF 1) - SELASA / 08:40 - 10:20 / LAB CC / Jauhari,,Pancasila A (IF 1) - SELASA / 08:40 - 10:20 / Lab Lantai 4 / Husni,Pancasila E (IF 1) - SELASA / 08:40 - 10:20 / Lab Sos/Sister / Taufiq
,09.30 - 10.20,Basis Data I B (IF 3) - SELASA / 09:30 - 12:00 / 407 / Yoga,Proyek Perangkat Lunak Lanjut A (IF 7) - SELASA / 09:30 - 12:00 / 406 / Andharini,Analisis Big Data A (IF 7) - SELASA / 09:30 - 12:00 / 306 / Fifin,Teori Komputasi B (IF 3) - SELASA / 09:30 - 12:00 / 304 / Firdaus,Teori Komputasi A (IF 3) - SELASA / 09:30 - 12:00 / 203 / Suzan,,,Pengolahan Citra B (IF 7) - SELASA / 09:30 - 12:00 / Lab Mul-Net / Rima,,
,10.20 - 11.10,,,,,,Pengantar Teknologi Informasi C (IF 1) - SELASA / 10:20 - 12:00 / Lab TIA / Ocal,Technopreneurship B (IF 7) - SELASA / 10:20 - 12:00 / LAB CC / Sigit,,Pancasila B (IF 1) - SELASA / 10:20 - 12:00 / Lab Lantai 4 / Husni,
,11.10 - 12.00,,,,,,,,,,
,12.00 - 13.00,I S T I R A H A T,,,,,,,,,
,13.00 - 13.50,Proyek Perangkat Lunak C (IF 5) - SELASA / 13:00 - 15:30 / 407 / Jauhari,Etika Profesional A (IF 7) - SELASA / 13:00 - 14:40 / 406 / Fika,Analisis Big Data B (IF 7) - SELASA / 13:00 - 15:30 / 306 / Fifin,Proyek Perangkat Lunak Lanjut B (IF 7) - SELASA / 13:00 - 15:30 / 304 / Andharini,Teori Komputasi D (IF 3) - SELASA / 13:00 - 15:30 / 203 / Suzan,Pengembangan Aplikasi Web B (IF 3) - SELASA / 13:00 - 15:30 / Lab TIA / Ocal,Proyek Sains Data C (IF 5) - SELASA / 13:00 - 15:30 / LAB CC / Kurnix,Sistem Informasi A (IF 7) - SELASA / 13:00 - 15:30 / Lab Mul-Net / Sari,Pancasila C (IF 1) - SELASA / 13:00 - 14:40 / Lab Lantai 4 / Husni,
,13.50 - 14.40,,,,,,,,,,
,14.40 - 15.30,,Etika Profesional B (IF 7) - SELASA / 14:40 - 16:20 / 406 / Fika,,,,,,,,
,15.30 - 16.20,,,,,,Pemrograman Desktop A (IF 7) - SELASA / 15:30 - 18:00 / Lab TIA / Yo,,Sistem Informasi B (IF 7) - SELASA / 15:30 - 18:00 / Lab Mul-Net / Sari,,
,16.20 - 17.10,,,,,,,,,,
,17.10 - 18.00,,,,,,,,,,
,,,,,,,,,,,
,,407,406,306,304,203,Lab TIA,LAB CC,Lab Mul-Net,Lab Lantai 4,Lab Sos/Sister
RABU,07:00 - 07:50,Sistem Informasi C (IF 2) - RABU / 07:00 - 09:30 / 407 / Faris,Matematika Diskret A (IF 2) - RABU / 07:00 - 09:30 / 406 / Devie,Pembelajaran Mesin B (IF 5) - RABU / 07:00 - 09:30 / 306 / Cucun,Matematika Diskret C (IF 2) - RABU / 07:00 - 09:30 / 304 / Rika,Metodologi Penelitian A (IF 5) - RABU / 07:00 - 08:40 / 203 / Arif,Algoritma & Dasar Pemrograman D (IF 1) - RABU / 07:00 - 09:30 / Lab TIA / Arik,Deep Learning A (IF 7) - RABU / 07:00 - 09:30 / LAB CC / Rima,Jaringan Komputer 1 D (IF 3) - RABU / 07:00 - 09:30 / Lab Mul-Net / Dwi,,
,07.50 - 08.40,,,,,,,,,,
,08.40 - 09.30,,,,,Metodologi Penelitian B (IF 5) - RABU / 08:40 - 10:20 / 203 / Arif,,,,,
,09.30 - 10.20,Teori Komputasi E (IF 3) - RABU / 09:30 - 12:00 / 407 / Fika,Matematika Diskret B (IF 2) - RABU / 09:30 - 12:00 / 406 / Devie,Pembelajaran Mesin C (IF 5) - RABU / 09:30 - 12:00 / 306 / Cucun,Matematika Diskret D (IF 2) - RABU / 09:30 - 12:00 / 304 / Rika,,Ekstraksi Informasi A (IF 7) - RABU / 09:30 - 12:00 / Lab TIA / Firdaus,Basis Data III A (IF 7) - RABU / 09:30 - 12:00 / LAB CC / Meidya,Pemrograman Desktop B (IF 7) - RABU / 09:30 - 12:00 / Lab Mul-Net / Yo,Matematika D (IF 1) - RABU / 09:30 - 12:00 / Lab Lantai 4 / Bas,
,10.20 - 11.10,,,,,Metodologi Penelitian C (IF 5) - RABU / 10:20 - 12:00 / 203 / Aeri,,,,,
,11.10 - 12.00,,,,,,,,,,
,12.00 - 13.00,I S T I R A H A T,,,,,,,,,
,13.00 - 13.50,Bahasa Inggris D (IF 1) - RABU / 13:00 - 14:40 / 407 / Fitri,Komputasi Numerik - RABU / 13:00 - 14:40 / 406 / Faris,RAPAT - RABU / 13:00 - 13:50 / 306 / SIDANG SKRIPSI,,,,,,,
,13.50 - 14.40,,,,,,,,,,
,14.40 - 15.30,Bahasa Inggris E (IF 1) - RABU / 14:40 - 16:20 / 407 / Fitri,,,,,,,,,
,15.30 - 16.20,,,,,,,,,,
,16.20 - 17.10,,,,,,,,,,
,17.10 - 18.00,,,,,,,,,,
,,,,,,,,,,,
,,407,406,306,304,203,Lab TIA,LAB CC,Lab Mul-Net,Lab Lantai 4,Lab Sos/Sister
KAMIS,07:00 - 07:50,Basis Data III B (IF 7) - KAMIS / 07:00 - 09:30 / 407 / Meidya,Proyek Perangkat Lunak D (IF 5) - KAMIS / 07:00 - 09:30 / 406 / Andharini,Matematika Diskret E (IF 2) - KAMIS / 07:00 - 09:30 / 306 / Devie,Pemodelan Proses Bisnis A (IF 7) - KAMIS / 07:00 - 09:30 / 304 / Rika,Metodologi Penelitian D (IF 5) - KAMIS / 07:00 - 08:40 / 203 / Arik,Pengembangan Aplikasi Web D (IF 3) - KAMIS / 07:00 - 09:30 / Lab TIA / Ifa,Pengembangan Aplikasi Web D (IF 3) - KAMIS / 07:00 - 09:30 / LAB CC / Ifa,Algoritma & Dasar Pemrograman E (IF 1) - KAMIS / 07:00 - 09:30 / Lab Mul-Net / Indah,Pemrograman Berorientasi Obyek - KAMIS / 07:00 - 09:30 / Lab Lantai 4 / Faris,
,07.50 - 08.40,,,,,,,,,,
,08.40 - 09.30,,,,,Metodologi Penelitian E (IF 5) - KAMIS / 08:40 - 10:20 / 203 / Cucun,,,,,
,09.30 - 10.20,Biometrika A (IF 7) - KAMIS / 09:30 - 12:00 / 407 / Arif,Proyek Perangkat Lunak E (IF 5) - KAMIS / 09:30 - 12:00 / 406 / Andharini,Pencarian dan Penambangan Web A (IF 7) - KAMIS / 09:30 - 12:00 / 306 / Mul,Pembelajaran Mesin E (IF 5) - KAMIS / 09:30 - 12:00 / 304 / Bas,,Pengembangan Aplikasi Web E (IF 3) - KAMIS / 09:30 - 12:00 / Lab TIA / Ifa,Pengembangan Aplikasi Web G (IF 3) - KAMIS / 09:30 - 12:00 / LAB CC / Kurnix,Algoritma & Dasar Pemrograman F (IF 1) - KAMIS / 09:30 - 12:00 / Lab Mul-Net / Indah,Sistem Terdistribusi E (IF 5) - KAMIS / 09:30 - 12:00 / Lab Lantai 4 / Hermawan,
,10.20 - 11.10,,,,,Metodologi Penelitian F (IF 5) - KAMIS / 10:20 - 12:00 / 203 / Firdaus,,,,,
,11.10 - 12.00,,,,,,,,,,
,12.00 - 13.00,I S T I R A H A T,,,,,,,,,
,13.00 - 13.50,Proyek Sains Data D (IF 5) - KAMIS / 13:00 - 15:30 / 407 / Yonathan,Matematika E (IF 1) - KAMIS / 13:00 - 15:30 / 406 / Bain,Pencarian dan Penambangan Web B (IF 7) - KAMIS / 13:00 - 15:30 / 306 / Mul,Pembelajaran Mesin D (IF 5) - KAMIS / 13:00 - 15:30 / 304 / Bas,Teori Komputasi C (IF 3) - KAMIS / 13:00 - 15:30 / 203 / Firdaus,Pengantar Teknologi Informasi B (IF 1) - KAMIS / 13:00 - 14:40 / Lab TIA / Ocal,Sistem Terdistribusi B (IF 5) - KAMIS / 13:00 - 15:30 / LAB CC / Yoga,Algoritma & Dasar Pemrograman G (IF 1) - KAMIS / 13:00 - 15:30 / Lab Mul-Net / Arik,Sistem Terdistribusi D (IF 5) - KAMIS / 13:00 - 15:30 / Lab Lantai 4 / Hermawan,
,13.50 - 14.40,,,,,,,,,,
,14.40 - 15.30,,,,,,,,,,
,15.30 - 16.20,Proyek Sains Data E (IF 5) - KAMIS / 15:30 - 18:00 / 407 / Yonathan,,,,,,,,,
,16.20 - 17.10,,,,,,,,,,
,17.10 - 18.00,,,,,,,,,,
,,,,,,,,,,,
,,407,406,306,304,203,Lab TIA,LAB CC,Lab Mul-Net,Lab Lantai 4,Lab Sos/Sister
JUMAT,07:00 - 07:50,,,RAPAT - JUMAT / 07:00 - 12:00 / 306 / SIDANG SKRIPSI,,,,,,,
,07.50 - 08.40,,,,,,,,,,
,08.40 - 09.30,,,,,,,,,Rekayasa Multimedia A (IF 7) - JUMAT / 08:40 - 11:10 / Lab Lantai 4 / Faris,
,09.30 - 10.20,,,,,,,,,,
,10.20 - 11.10,,,,,,,,,,
,11.10 - 12.00,,,,,,,,,,
,12.00 - 13.00,I S T I R A H A T,,,,,,,,,
,13.00 - 13.50,,Agama Islam D (IF 1) - JUMAT / 13:00 - 14:40 / 406 / XXX,RAPAT - JUMAT / 13:00 - 17:10 / 306 / SIDANG SKRIPSI,RAPAT - JUMAT / 13:00 - 17:10 / 304 / SIDANG SKRIPSI,RAPAT - JUMAT / 13:00 - 17:10 / 203 / SIDANG SKRIPSI,,,,Rekayasa Multimedia B (IF 7) - JUMAT / 13:00 - 15:30 / Lab Lantai 4 / Faris,
,13.50 - 14.40,,,,,,,,,,
,14.40 - 15.30,,Agama Islam E (IF 1) - JUMAT / 14:40 - 16:10 / 406 / XXX,,,,,,,,
,15.30 - 16.20,,,,,,,,,,
,16.20 - 17.10,,,,,,,,,,
,17.10 - 18.00,,,,,,,,,,
,,,,,,,,,,,